{
  "threshold": 0.16968697309494019,
  "f_beta": 0.6616775529711646,
  "precision_at_thr": 0.6929699426883901,
  "recall_at_thr": 0.6330891935766602,
  "f1_at_thr": 0.6616722226868834,
  "tp": 83066,
  "fp": 36804,
  "fn": 48143,
  "tn": 4830706,
  "aupr": 0.7168018497496069,
  "mcc": 0.6536763722379204,
  "mr": 6.010195412064571,
  "precision_at_15": 0.8454262248654772,
  "recall_at_15": 0.20884812843402786
}