{
  "threshold": 0.13368862867355347,
  "f_beta": 0.652812824699421,
  "precision_at_thr": 0.6695834034471982,
  "recall_at_thr": 0.6368618006386757,
  "f1_at_thr": 0.6528075623522978,
  "tp": 83561,
  "fp": 41235,
  "fn": 47648,
  "tn": 4826275,
  "aupr": 0.6984580909669927,
  "mcc": 0.6439020322006402,
  "mr": 3.72982158028887,
  "precision_at_15": 0.8310393656188049,
  "recall_at_15": 0.2098070273242405
}